-- participants
INSERT INTO PARTICIPANTS(PART_ID, PART_NAME) VALUES(1, 'Marco Polo');
INSERT INTO PARTICIPANTS(PART_ID, PART_NAME) VALUES(2, 'Jozef Stalin');
INSERT INTO PARTICIPANTS(PART_ID, PART_NAME) VALUES(3, 'Baphomet');
INSERT INTO PARTICIPANTS(PART_ID, PART_NAME) VALUES(4, 'Lucifer MorningStar');
INSERT INTO PARTICIPANTS(PART_ID, PART_NAME) VALUES(5, 'Ibn al Muqaffa3');
INSERT INTO PARTICIPANTS(PART_ID, PART_NAME) VALUES(6, 'Donald Trump');
INSERT INTO PARTICIPANTS(PART_ID, PART_NAME) VALUES(7, 'Bashar al Asad');
INSERT INTO PARTICIPANTS(PART_ID, PART_NAME) VALUES(8, 'Marian Paździoch');
INSERT INTO PARTICIPANTS(PART_ID, PART_NAME) VALUES(9, 'Kłapouchy');

--Categories
INSERT INTO CATEGORIES(CATEGORY_ID, CATEGORY_NAME) VALUES(1, 'Lifestyle');
INSERT INTO CATEGORIES(CATEGORY_ID, CATEGORY_NAME) VALUES(2, 'Politics');
INSERT INTO CATEGORIES(CATEGORY_ID, CATEGORY_NAME) VALUES(3, 'Bribery');
INSERT INTO CATEGORIES(CATEGORY_ID, CATEGORY_NAME) VALUES(4, 'Entertainment');
INSERT INTO CATEGORIES(CATEGORY_ID, CATEGORY_NAME) VALUES(5, 'Narcotics');
INSERT INTO CATEGORIES(CATEGORY_ID, CATEGORY_NAME) VALUES(6, 'Idmans');
INSERT INTO CATEGORIES(CATEGORY_ID, CATEGORY_NAME) VALUES(7, 'Religion');
INSERT INTO CATEGORIES(CATEGORY_ID, CATEGORY_NAME) VALUES(8, 'Celestrial Beings');

--Questions
INSERT INTO QUESTIONS(QUESTION_ID, QUESTION_CONTENT, QUESTION_ANSWER, CATEGORY_ID) VALUES (1, 'Is Fish & Chips a healthy dish?', 'jakis tam nie zdefiniowany tekst', 1);
INSERT INTO QUESTIONS(QUESTION_ID, QUESTION_CONTENT, QUESTION_ANSWER, CATEGORY_ID) VALUES (2, 'Is starvation benefitial for longer that a year?', 'jakis tam nie zdefiniowany tekst', 1);
INSERT INTO QUESTIONS(QUESTION_ID, QUESTION_CONTENT, QUESTION_ANSWER, CATEGORY_ID) VALUES (3, 'What is BDSM?', 'jakis tam nie zdefiniowany tekst',1);
INSERT INTO QUESTIONS(QUESTION_ID, QUESTION_CONTENT, QUESTION_ANSWER, CATEGORY_ID) VALUES (4, 'Who is responsible for Nuclear Deal issue?', 'jakis tam nie zdefiniowany tekst',2);
INSERT INTO QUESTIONS(QUESTION_ID, QUESTION_CONTENT, QUESTION_ANSWER, CATEGORY_ID) VALUES (5, 'Will Trump be re-elected?', 'jakis tam nie zdefiniowany tekst',2);
INSERT INTO QUESTIONS(QUESTION_ID, QUESTION_CONTENT, QUESTION_ANSWER, CATEGORY_ID) VALUES (6, 'How long will Saudis be quiet about Khashuqji?', 'jakis tam nie zdefiniowany tekst',2);
INSERT INTO QUESTIONS(QUESTION_ID, QUESTION_CONTENT, QUESTION_ANSWER, CATEGORY_ID) VALUES (7, 'How much could you take?', 'jakis tam nie zdefiniowany tekst',3);
INSERT INTO QUESTIONS(QUESTION_ID, QUESTION_CONTENT, QUESTION_ANSWER, CATEGORY_ID) VALUES (8, 'Sex for money, is it sill a sex?', 'jakis tam nie zdefiniowany tekst',3);
INSERT INTO QUESTIONS(QUESTION_ID, QUESTION_CONTENT, QUESTION_ANSWER, CATEGORY_ID) VALUES (9, 'How much do i need to get higher education?', 'jakis tam nie zdefiniowany tekst',3);
INSERT INTO QUESTIONS(QUESTION_ID, QUESTION_CONTENT, QUESTION_ANSWER, CATEGORY_ID) VALUES (10, 'Who the fuck is Doctor Who?', 'jakis tam nie zdefiniowany tekst',4);
INSERT INTO QUESTIONS(QUESTION_ID, QUESTION_CONTENT, QUESTION_ANSWER, CATEGORY_ID) VALUES (11, 'Why Junction 48 is not available on Polish Netflix?', 'jakis tam nie zdefiniowany tekst',4);
INSERT INTO QUESTIONS(QUESTION_ID, QUESTION_CONTENT, QUESTION_ANSWER, CATEGORY_ID) VALUES (12, 'Why Law TV-series is not available on Netflix?', 'jakis tam nie zdefiniowany tekst',4);
INSERT INTO QUESTIONS(QUESTION_ID, QUESTION_CONTENT, QUESTION_ANSWER, CATEGORY_ID) VALUES (13, 'How much is caugh syrop?', 'jakis tam nie zdefiniowany tekst',5);
INSERT INTO QUESTIONS(QUESTION_ID, QUESTION_CONTENT, QUESTION_ANSWER, CATEGORY_ID) VALUES (14, 'Do you need a Xanax pill?', 'jakis tam nie zdefiniowany tekst',5);
INSERT INTO QUESTIONS(QUESTION_ID, QUESTION_CONTENT, QUESTION_ANSWER, CATEGORY_ID) VALUES (15, 'Where can i find Nefedron?', 'jakis tam nie zdefiniowany tekst',5);
INSERT INTO QUESTIONS(QUESTION_ID, QUESTION_CONTENT, QUESTION_ANSWER, CATEGORY_ID) VALUES (16, 'Can you stop drinking for a week?', 'jakis tam nie zdefiniowany tekst',6);
INSERT INTO QUESTIONS(QUESTION_ID, QUESTION_CONTENT, QUESTION_ANSWER, CATEGORY_ID) VALUES (17, 'Is staying up late an addiction?', 'jakis tam nie zdefiniowany tekst',6);
INSERT INTO QUESTIONS(QUESTION_ID, QUESTION_CONTENT, QUESTION_ANSWER, CATEGORY_ID) VALUES (18, 'I hate people, could it be an addition to being alone?', 'jakis tam nie zdefiniowany tekst',6);
INSERT INTO QUESTIONS(QUESTION_ID, QUESTION_CONTENT, QUESTION_ANSWER, CATEGORY_ID) VALUES (19, 'Where is God?', 'jakis tam nie zdefiniowany tekst',7);
INSERT INTO QUESTIONS(QUESTION_ID, QUESTION_CONTENT, QUESTION_ANSWER, CATEGORY_ID) VALUES (20, 'Why Adonai did not do anything with the parlamanet?', 'jakis tam nie zdefiniowany tekst',7);
INSERT INTO QUESTIONS(QUESTION_ID, QUESTION_CONTENT, QUESTION_ANSWER, CATEGORY_ID) VALUES (21, 'Is Lucifer real?', 'jakis tam nie zdefiniowany tekst',7);
INSERT INTO QUESTIONS(QUESTION_ID, QUESTION_CONTENT, QUESTION_ANSWER, CATEGORY_ID) VALUES (22, 'What is a black hole?', 'jakis tam nie zdefiniowany tekst',8);
INSERT INTO QUESTIONS(QUESTION_ID, QUESTION_CONTENT, QUESTION_ANSWER, CATEGORY_ID) VALUES (23, 'What is Mammon?', 'jakis tam nie zdefiniowany tekst',8);
INSERT INTO QUESTIONS(QUESTION_ID, QUESTION_CONTENT, QUESTION_ANSWER, CATEGORY_ID) VALUES (24, 'How many children God had?', 'jakis tam nie zdefiniowany tekst',8);
